{"id":"","name":"","width":0,"height":0,"deployZones":[{"x":0.3781463802704853,"y":0.6524661893396977,"w":0.1,"h":0.1,"owner":"player"}],"meetingStones":null,"goldMines":null,"lanes":null,"obstacles":[{"x":0.530799522673031,"y":0.569272076372315,"type":"","image":"tree.png","width":0.05,"height":0.05}],"playerBase":{"x":0.4213683373110581,"y":0.8154335719968179},"enemyBase":{"x":0.1773587907716786,"y":0.10023866348448687}}